﻿<?xml version='1.0' encoding='UTF-8' ?>
<!DOCTYPE jboss-web
    PUBLIC "-//JBoss//DTD Web Application 2.3V2//EN"
    "http://www.jboss.org/j2ee/dtd/jboss-web_3_2.dtd">

<jboss-web>
	<resource-ref>
		<res-ref-name>jdbc/hht</res-ref-name>
		<jndi-name>java:jdbc/hht</jndi-name>
	</resource-ref>
	<resource-ref>
		<res-ref-name>jdbc/sms</res-ref-name>
		<jndi-name>java:jdbc/sms</jndi-name>
	</resource-ref>
	<resource-ref>
		<res-ref-name>jms/qm_hq_hht</res-ref-name>
		<jndi-name>java:jms/qm_hq_hht</jndi-name>
	</resource-ref>
	<resource-ref>
		<res-ref-name>jms/qu_hht_bar_req_out</res-ref-name>
		<jndi-name>jms/qu_hht_bar_req_out</jndi-name>
	</resource-ref>
	<resource-ref>
		<res-ref-name>jms/qu_hht_carrybill_out</res-ref-name>
		<jndi-name>jms/qu_hht_carrybill_out</jndi-name>
	</resource-ref>
	<resource-ref>
		<res-ref-name>jms/qu_hht_invoice_out</res-ref-name>
		<jndi-name>jms/qu_hht_invoice_out</jndi-name>
	</resource-ref>
	<resource-ref>
		<res-ref-name>jms/qu_bar_hht_resp_in</res-ref-name>
		<jndi-name>jms/qu_bar_hht_resp_in</jndi-name>
	</resource-ref>
	<resource-ref>
		<res-ref-name>jms/qu_bas_currency_in</res-ref-name>
		<jndi-name>jms/qu_bas_currency_in</jndi-name>
	</resource-ref>
	<resource-ref>
	<res-ref-name>jms/qu_bar_hht_pickup_in</res-ref-name>
		<jndi-name>jms/qu_bar_hht_pickup_in</jndi-name>
	</resource-ref>
	<resource-ref>
		<res-ref-name>jms/qu_hht_range_crm_out</res-ref-name>
		<jndi-name>jms/qu_hht_range_crm_out</jndi-name>
	</resource-ref>
	<resource-ref>
		<res-ref-name>jms/qu_hht_range_css_out</res-ref-name>
		<jndi-name>jms/qu_hht_range_css_out</jndi-name>
	</resource-ref>
	<resource-ref>
		<res-ref-name>jms/qu_hht_emplogin_eam_out</res-ref-name>
		<jndi-name>jms/qu_hht_emplogin_eam_out</jndi-name>
	</resource-ref>
	<resource-ref>
		<res-ref-name>jms/qu_hht_postcode_asucms_out</res-ref-name>
		<jndi-name>jms/qu_hht_postcode_asucms_out</jndi-name>
	</resource-ref>
	<resource-ref>
		<res-ref-name>jms/qu_hht_postcode_css_out</res-ref-name>
		<jndi-name>jms/qu_hht_postcode_css_out</jndi-name>
	</resource-ref>
	<resource-ref>
		<res-ref-name>jms/qu_asucms_hht_brancharea_in</res-ref-name>
		<jndi-name>jms/qu_asucms_hht_brancharea_in</jndi-name>
	</resource-ref>
	<resource-ref>
		<res-ref-name>jms/qu_hht_emplogin_pay_out</res-ref-name>
		<jndi-name>jms/qu_hht_emplogin_pay_out</jndi-name>
	</resource-ref>
	<resource-ref>
		<res-ref-name>jms/qu_hht_empdevice_adcm_out</res-ref-name>
		<jndi-name>jms/qu_hht_empdevice_adcm_out</jndi-name>
	</resource-ref>
	<resource-ref>
		<res-ref-name>jms/qu_asucms_hht_fuelrate_in</res-ref-name>
		<jndi-name>jms/qu_asucms_hht_fuelrate_in</jndi-name>
	</resource-ref>
	<resource-ref>
		<res-ref-name>jms/qu_hht_postcode_mem_out</res-ref-name>
		<jndi-name>jms/qu_hht_postcode_mem_out</jndi-name>
	</resource-ref>
	<resource-ref>
		<res-ref-name>jms/qu_asucms_hht_extreme_early_in</res-ref-name>
		<jndi-name>jms/qu_asucms_hht_extreme_early_in</jndi-name>
	</resource-ref>
	<resource-ref>
		<res-ref-name>jms/qu_sss_hht_cod_in</res-ref-name>
		<jndi-name>jms/qu_sss_hht_cod_in</jndi-name>
	</resource-ref>
</jboss-web>