<?xml version="1.0" encoding="UTF-8"?>
<!DOCTYPE hibernate-mapping PUBLIC
	"-//Hibernate/Hibernate Mapping DTD//EN"
	"http://hibernate.sourceforge.net/hibernate-mapping-3.0.dtd">

<hibernate-mapping package="com.sf.hht.interfaces.task.exchange.domain">

	<class name="Currency" table="CURRENCYCODE">
		<id name="currencyId" type="java.lang.String">
			<column name="ID" length="20"/>
			<generator class="assigned"/>
		</id>
		<property name="currencyname" type="java.lang.String">
			<column name="NAME" length="100" />
		</property>
		<property name="currencycode" type="java.lang.String">
			<column name="CURRNO" length="30" />
		</property>
		<property name="standardcode" type="java.lang.String">
			<column name="CODE" length="30" />
		</property>
		<property name="range" type="java.lang.String">
			<column name="RANGE" length="10" />
		</property>
		<property name="createdempcode" type="java.lang.String">
			<column name="CREATEDBYID" length="30" />
		</property>
		<property name="modifiedempcode" type="java.lang.String">
			<column name="MODIFIEDBYID" length="30" />
		</property>
		<property name="createdtm" type="java.util.Date">
			<column name="CREATEDTIME" length="7" />
		</property>
		<property name="modifiedtm" type="java.util.Date">
			<column name="MODIFIEDTIME" length="7" />
		</property>
		<property name="priceRoundType" type="java.lang.Long">
			<column name="PRICE_ROUND_TYPE" precision="1" scale="0" />
		</property>
		<property name="numberParam" type="java.lang.Long">
			<column name="NUMBER_PARAM" precision="2" scale="0" />
		</property>
		<property name="preDate" type="java.lang.String">
			<column name="PRE_DATE" length="8" />
		</property>
	</class>

	<class name="ExchangeRate" table="EXCHANGERATE">
		<id name="id" type="java.lang.String">
			<column name="ID" length="20"/>
			<generator class="assigned"/>
		</id>
		<property name="basic" type="java.lang.String">
			<column name="BASIC" length="30" />
		</property>
		<property name="target" type="java.lang.String">
			<column name="TARGET" length="30" />
		</property>
		<property name="count" type="java.lang.Double">
			<column name="COUNT" precision="20" scale="6" />
		</property>
		<property name="insure" type="java.util.Date">
			<column name="INSURE" length="7" />
		</property>
		<property name="abate" type="java.util.Date">
			<column name="ABATE" length="7" />
		</property>
		<property name="serial" type="java.lang.Long" update="false">
			<column name="SERIAL" precision="4" scale="0" />
		</property>
		<property name="ver" type="java.lang.Double">
			<column name="VER" precision="4" scale="1"  />
		</property>
		<property name="vercount" type="java.lang.Long">
			<column name="VERCOUNT" precision="4" scale="0" />
		</property>
		<property name="isdelete" type="java.lang.Byte">
			<column name="ISDELETE" precision="1" scale="0" />
		</property>
		<property name="insertime" type="java.util.Date">
			<column name="INSERTIME" length="7" />
		</property>
		<property name="c2version" type="java.lang.Long">
			<column name="C2VERSION" precision="3" scale="0" />
		</property>
		<property name="createdbyid" type="java.lang.String">
			<column name="CREATEDBYID" length="30" />
		</property>
		<property name="createdtime" type="java.util.Date">
			<column name="CREATEDTIME" length="7" />
		</property>
		<property name="modifiedbyid" type="java.lang.String">
			<column name="MODIFIEDBYID" length="30" />
		</property>
		<property name="modifiedtime"  type="java.util.Date">
			<column name="MODIFIEDTIME" length="7" />
		</property>
	</class>
	
</hibernate-mapping>